id,name,product
1,Virat Kohli,Braintree
2,Rohit Sharma,Venmo
3,MS Dhoni,Xoom
4,Sachin Tendulkar,Zettle
5,Yuvraj Singh,Honey
6,Suresh Raina,Simility
7,KL Rahul,Hyperwallet
8,Rishabh Pant,Paidy
9,Hardik Pandya,PayPal Credit
10,Jasprit Bumrah,Apple Pay
11,Bhuvneshwar Kumar,Braintree
12,Ravindra Jadeja,Venmo
13,Shubman Gill,Xoom
14,Prithvi Shaw,Zettle
15,Shikhar Dhawan,Honey
16,Ishan Kishan,Simility
17,Washington Sundar,Hyperwallet
18,Deepak Chahar,Paidy
19,Axar Patel,PayPal Credit
20,Shreyas Iyer,Apple Pay
21,Sanju Samson,Braintree
22,Ajinkya Rahane,Venmo
23,Ravichandran Ashwin,Xoom
24,Mohammed Siraj,Zettle
25,Umesh Yadav,Honey
26,Mayank Agarwal,Simility
27,Devdutt Padikkal,Hyperwallet
28,Ruturaj Gaikwad,Paidy
29,Manish Pandey,PayPal Credit
30,Krishna Gowtham,Apple Pay
31,Harshal Patel,Braintree
32,Nitish Rana,Venmo
33,Varun Chakravarthy,Xoom
34,Natarajan T,Zettle
35,Shivam Dube,Honey
36,Krunal Pandya,Simility
37,Venkatesh Iyer,Hyperwallet
38,Arshdeep Singh,Paidy
39,Rahul Tripathi,PayPal Credit
40,Sarfaraz Khan,Apple Pay
41,Anukul Roy,Braintree
42,Rajvardhan Hangargekar,Venmo
43,Shahbaz Ahmed,Xoom
44,Yashasvi Jaiswal,Zettle
45,Abhishek Sharma,Honey
46,Rajat Patidar,Simility
47,Kuldeep Yadav,Hyperwallet
48,Rahul Chahar,Paidy
49,Mohammed Shami,PayPal Credit
50,Hanuma Vihari,Apple Pay
51,Wriddhiman Saha,Braintree
52,Parthiv Patel,Venmo
53,Ambati Rayudu,Xoom
54,Dinesh Karthik,Zettle
55,Gautam Gambhir,Honey
56,Irfan Pathan,Simility
57,Yusuf Pathan,Hyperwallet
58,Robin Uthappa,Paidy
59,Karun Nair,PayPal Credit
60,Cheteshwar Pujara,Apple Pay
61,Wasim Jaffer,Braintree
62,Munaf Patel,Venmo
63,Piyush Chawla,Xoom
64,Amit Mishra,Zettle
65,Manoj Tiwary,Honey
66,Unmukt Chand,Simility
67,Stuart Binny,Hyperwallet
68,Pragyan Ojha,Paidy
69,Lakshmipathy Balaji,PayPal Credit
70,Vijay Shankar,Apple Pay
71,Barinder Sran,Braintree
72,Rishi Dhawan,Venmo
73,Jaydev Unadkat,Xoom
74,Siddharth Kaul,Zettle
75,Ishan Porel,Honey
76,Sandeep Warrier,Simility
77,Karthik Tyagi,Hyperwallet
78,Navdeep Saini,Paidy
79,Kulwant Khejroliya,PayPal Credit
80,Basil Thampi,Apple Pay
81,Kamlesh Nagarkoti,Braintree
82,Shivam Mavi,Venmo
83,Arjun Tendulkar,Xoom
84,Anrich Nortje,Zettle
85,Harpreet Brar,Honey
86,Mohit Sharma,Simility
87,Jagadeesha Suchith,Hyperwallet
88,Lalit Yadav,Paidy
89,Shreyas Gopal,PayPal Credit
90,Jayant Yadav,Apple Pay
91,Ankit Rajpoot,Braintree
92,Kuldeep Sen,Venmo
93,Shahrukh Khan,Xoom
94,Mukesh Kumar,Zettle
95,Vaibhav Arora,Honey
96,Chetan Sakariya,Simility
97,Mayank Markande,Hyperwallet
98,Tilak Varma,Paidy
99,N Tilak Varma,PayPal Credit
100,R Sai Kishore,Apple Pay
